{"cameraMode":{"drawMode":0,"name":"Shaded","section":"Shading Mode"},"sceneLighting":true,"audioPlay":false,"sceneViewState":{"m_AlwaysRefresh":false,"showFog":true,"showSkybox":true,"showFlares":true,"showImageEffects":true,"showParticleSystems":true,"showVisualEffectGraphs":true,"m_FxEnabled":true},"in2DMode":false,"pivot":{"x":-1.8639675378799439,"y":2.5842928886413576,"z":0.3736438751220703},"rotation":{"x":-0.06476227194070816,"y":-0.009881913661956787,"z":0.000640830141492188,"w":-0.997868001461029},"size":4.870734214782715,"orthographic":false}