{"cameraMode":{"drawMode":0,"name":"Shaded","section":"Shading Mode"},"sceneLighting":false,"audioPlay":false,"sceneViewState":{"m_AlwaysRefresh":false,"showFog":true,"showSkybox":false,"showFlares":true,"showImageEffects":true,"showParticleSystems":true,"showVisualEffectGraphs":true,"m_FxEnabled":true},"in2DMode":false,"pivot":{"x":1.2394702434539796,"y":0.37167826294898989,"z":0.012867450714111328},"rotation":{"x":-0.015309405513107777,"y":0.0005972646176815033,"z":-0.000009637957191444002,"w":-0.99989914894104},"size":3.0550599098205568,"orthographic":false}